age,sex,cp,trestbps,chol,fbs,restecg,thalach,exang,oldpeak,slope,ca,thal,target
67,1,0,127,465,1,1,102,0,2.6,1,0,3,0
57,0,1,192,463,0,1,85,1,5.2,1,2,1,0
43,0,3,139,271,1,2,114,1,5.4,2,3,2,0
71,0,3,152,449,1,0,124,1,1.5,2,4,1,1
36,0,3,190,286,1,2,114,1,3.4,2,1,0,1
49,0,0,152,252,0,2,168,1,1.2,2,0,1,0
67,0,0,151,545,1,0,75,1,0.6,1,0,1,1
47,0,2,188,207,0,2,179,0,5.6,2,3,3,1
51,0,3,96,272,1,0,97,1,5.1,2,0,2,0
39,1,0,116,364,0,1,186,1,4.7,2,0,1,0
39,1,2,181,537,1,1,157,0,0.3,2,3,2,0
52,0,3,175,549,0,0,174,1,5.2,0,4,0,0
64,0,1,103,209,0,1,193,0,2.7,1,2,3,0
68,1,2,160,238,0,1,149,1,2.1,1,2,2,0
52,0,0,190,350,1,0,113,0,3.4,2,1,3,0
31,0,0,175,457,1,1,167,0,0.6,0,4,1,0
50,0,2,94,503,1,2,101,1,4.7,1,1,0,1
30,1,2,144,368,0,2,169,1,3.6,1,2,3,1
52,1,0,91,268,1,0,87,1,1.2,2,3,1,0
72,1,1,151,166,0,1,153,1,1.2,2,0,2,0
58,1,3,180,548,1,2,180,0,1.1,1,2,0,1
66,1,1,110,383,0,2,102,0,0.4,1,4,0,0
30,0,2,191,410,0,1,105,0,3.6,0,2,2,1
49,1,1,168,230,0,1,99,1,5.2,1,4,2,0
61,0,0,110,327,1,2,140,0,0.1,1,4,0,0
40,0,2,99,432,1,2,165,1,0.3,2,4,3,1
50,1,3,176,456,1,0,92,1,3.6,1,1,0,1
72,1,0,147,391,0,0,139,0,5.1,2,3,2,0
53,0,0,128,523,0,2,159,1,2.0,1,2,3,0
55,0,3,94,335,1,0,142,0,2.2,1,3,1,1
70,0,3,154,176,1,2,199,1,3.7,1,0,0,1
56,1,1,102,243,1,2,157,0,1.7,0,2,2,1
44,1,2,174,326,0,0,166,1,0.2,2,3,1,1
43,1,3,179,502,0,0,145,0,4.6,0,3,0,0
75,1,3,198,164,0,1,124,0,3.9,1,0,0,1
72,1,2,174,153,0,1,158,1,3.6,0,4,3,0
31,0,3,142,384,0,1,124,1,4.6,2,2,2,1
65,1,3,171,209,1,2,86,0,4.2,1,2,1,0
35,0,1,190,280,0,0,169,1,1.3,0,0,0,1
49,0,0,134,242,0,2,90,1,2.2,0,4,3,0
37,0,0,121,127,0,0,116,1,0.8,2,2,1,0
67,1,0,125,218,0,2,197,0,0.8,0,2,1,0
46,1,0,170,291,0,1,128,0,4.2,2,2,0,1
32,1,3,188,512,1,1,181,1,5.3,1,4,1,1
53,0,2,149,525,0,1,199,1,6.0,1,0,0,1
42,0,2,100,475,0,2,151,0,3.9,0,2,3,1
37,0,1,152,421,0,0,154,1,1.1,1,3,3,1
54,0,1,110,383,1,0,140,0,0.7,1,4,1,0
30,0,3,141,206,1,1,78,1,5.0,0,1,0,1
48,0,2,144,550,1,1,99,1,3.6,1,0,2,1
56,1,2,115,393,0,1,182,1,3.8,0,3,3,1
75,1,0,157,544,1,1,201,0,4.8,2,2,0,1
35,1,3,123,360,0,0,178,0,4.4,2,1,0,1
72,1,3,141,446,0,2,179,0,5.2,2,0,0,1
36,0,0,171,436,1,2,90,0,0.3,0,4,1,1
75,0,3,193,426,0,2,143,1,4.6,0,1,2,1
63,1,3,188,482,0,2,74,1,5.3,1,1,1,1
42,0,1,194,338,0,1,89,0,1.8,1,3,3,0
45,1,2,182,187,1,1,172,1,4.0,1,0,1,0
64,1,3,141,174,0,1,156,1,1.9,1,3,0,0
68,1,1,118,252,0,2,122,0,5.9,1,3,1,1
32,0,2,127,348,1,1,181,1,0.2,0,2,0,0
30,1,0,131,534,0,1,179,1,3.6,0,4,2,1
34,1,1,110,404,0,0,156,0,1.0,2,1,1,0
70,1,1,131,533,1,0,113,1,4.4,2,0,1,1
32,0,2,102,419,0,1,112,1,1.1,2,4,1,0
57,0,0,194,409,0,0,160,1,1.5,2,4,0,1
46,1,1,153,402,0,0,185,0,3.1,0,0,0,1
54,0,3,106,563,0,1,96,0,5.7,0,4,1,0
72,0,3,98,232,0,1,113,1,1.3,0,2,1,1
62,0,3,130,271,1,1,147,1,0.9,1,4,2,1
38,0,0,90,545,1,1,90,1,4.7,1,2,2,1
64,0,1,91,224,1,2,109,0,3.1,2,1,3,1
42,0,3,149,554,1,2,82,0,5.7,1,1,2,1
59,0,0,137,500,0,1,81,0,0.9,0,3,2,0
76,0,3,118,198,0,0,112,1,4.0,2,2,2,1
43,0,2,186,562,0,1,81,1,1.4,2,1,0,1
36,0,1,99,247,0,1,108,1,1.0,1,4,2,0
42,1,1,147,155,0,0,168,1,4.2,2,0,2,0
51,1,0,149,313,1,2,89,1,3.7,1,0,1,0
68,0,0,193,489,1,1,186,0,4.7,1,2,0,0
49,1,1,110,479,0,1,183,1,1.9,2,3,3,0
44,1,3,117,413,0,2,135,1,2.8,1,4,3,0
73,0,3,164,320,0,2,169,1,2.5,1,2,2,1
46,0,2,123,281,1,0,142,0,6.1,1,0,3,0
75,0,3,97,297,0,2,122,1,1.8,1,2,3,1
52,1,0,148,460,0,2,188,0,1.8,2,4,3,0
54,1,0,175,166,0,2,190,0,2.2,0,1,2,0
53,0,3,161,188,1,0,77,0,3.5,0,4,3,0
73,0,0,138,148,0,2,81,0,1.6,1,1,2,0
69,0,1,168,485,1,2,173,0,5.7,1,1,1,0
57,1,1,106,200,1,0,131,1,1.6,1,1,1,0
43,1,3,149,173,1,2,138,1,5.6,0,2,3,1
73,1,1,176,285,1,2,172,0,0.6,1,0,1,1
29,1,1,177,438,1,0,180,0,4.1,2,2,2,1
53,0,2,134,243,1,1,121,0,5.6,2,0,1,0
35,0,2,172,225,0,0,187,1,1.0,2,4,3,0
37,0,1,158,505,0,2,116,1,6.0,0,3,2,0
52,0,3,121,542,0,2,123,0,2.8,1,4,0,0
29,1,2,133,533,1,2,158,1,5.9,1,2,2,0
72,1,0,154,292,0,0,191,1,4.2,1,2,1,0
36,0,0,176,415,1,2,83,0,1.9,0,0,0,0
52,0,0,190,281,1,2,159,0,1.2,0,2,2,0
39,1,3,97,546,1,0,195,1,1.9,0,1,0,0
45,0,1,166,132,0,1,188,1,0.6,0,2,0,0
36,1,0,161,321,1,1,124,1,0.9,2,0,0,0
63,0,3,176,546,1,2,186,0,0.6,0,0,2,1
63,0,2,132,181,0,0,188,0,2.6,0,1,1,1
61,0,1,90,446,0,2,74,0,4.9,0,0,2,0
33,0,2,198,318,1,0,145,1,0.9,1,3,1,1
70,0,3,140,172,1,0,119,1,0.8,1,4,2,0
67,0,0,113,273,0,1,77,0,4.0,1,2,2,1
69,0,0,188,400,0,1,180,1,1.2,2,3,2,1
56,1,3,113,282,0,0,192,0,0.6,2,2,1,1
35,1,0,106,327,1,2,81,1,1.0,0,3,2,1
37,1,1,94,527,0,1,162,0,5.7,1,2,0,0
36,1,3,109,544,0,2,93,1,5.1,2,1,2,1
40,1,2,110,552,0,1,98,1,2.2,1,0,0,1
62,0,3,193,251,1,1,181,0,4.1,2,0,3,1
61,0,1,147,520,0,2,127,0,3.3,2,1,3,1
76,1,1,120,430,0,1,96,0,4.2,0,3,1,0
51,0,3,199,494,0,1,124,0,4.2,0,4,1,1
52,1,3,189,419,0,2,99,0,3.9,2,3,3,0
65,1,0,100,189,0,1,167,1,1.6,0,0,2,0
63,0,1,141,450,1,1,84,0,0.2,2,4,2,0
72,0,3,104,517,1,1,148,0,2.8,2,2,2,0
68,0,3,172,543,1,2,105,0,5.5,1,4,3,1
50,1,1,96,301,0,0,100,0,3.5,0,3,0,0
55,0,3,117,241,1,2,162,0,5.2,0,1,1,1
63,1,0,140,329,1,0,87,1,6.1,0,2,0,0
29,1,1,196,446,1,1,163,0,1.0,1,3,3,0
63,1,0,147,156,0,0,149,0,4.3,1,2,0,1
65,0,0,94,513,0,2,180,0,4.2,1,4,2,1
75,0,0,94,238,1,2,172,1,6.1,0,0,2,1
42,1,0,183,490,1,1,176,1,6.1,0,3,0,0
31,0,1,185,559,0,0,117,0,4.3,0,1,3,0
29,0,0,97,450,0,1,134,0,1.5,1,4,0,0
33,0,0,153,539,1,1,134,1,5.0,1,3,2,1
54,1,3,99,501,0,2,157,1,0.7,2,1,2,0
42,1,1,127,469,1,0,77,1,4.8,1,3,3,1
67,0,1,185,192,0,0,92,0,5.6,2,4,0,1
55,1,2,181,200,1,0,151,0,2.4,0,3,2,0
37,0,1,170,170,1,0,144,1,3.9,1,2,2,1
43,0,1,184,385,0,1,195,0,2.7,0,4,0,1
43,0,2,97,279,1,1,120,1,2.7,0,3,0,1
54,0,1,193,280,1,2,122,1,1.9,0,0,1,0
70,1,1,114,555,1,1,71,1,4.7,0,3,3,0
41,1,1,162,488,0,1,74,0,5.8,1,2,3,0
60,1,1,155,359,0,2,74,1,5.8,0,1,0,1
67,0,2,168,176,0,2,71,1,1.1,2,1,3,1
60,0,1,139,431,1,2,141,0,5.4,1,1,2,1
32,0,1,156,387,0,1,105,1,4.6,0,0,0,0
58,1,2,138,440,1,1,78,0,1.6,1,2,0,1
65,0,3,125,250,1,2,106,1,0.4,2,4,0,1
51,1,0,157,524,0,2,193,0,1.7,0,1,1,0
67,1,3,167,370,0,2,113,1,5.7,2,2,3,1
73,1,2,194,155,1,1,97,1,3.9,0,3,1,1
43,1,0,130,551,1,1,102,1,4.5,2,0,2,0
71,1,2,178,247,0,0,148,1,1.6,0,2,3,1
57,1,2,151,250,0,1,191,1,4.5,1,2,1,1
64,0,1,99,162,0,1,86,0,0.2,0,4,0,0
41,0,0,110,295,1,1,169,0,2.3,1,2,1,0
60,1,1,125,249,1,2,117,1,3.9,0,4,0,1
35,1,0,101,482,1,1,101,1,0.9,0,0,1,1
50,0,2,180,160,1,2,74,1,5.1,2,0,1,1
56,1,2,193,212,1,0,87,0,1.5,2,3,1,1
30,1,3,91,259,0,0,109,0,4.0,2,4,0,1
70,0,0,102,321,0,2,118,1,2.5,0,4,1,0
73,1,1,142,399,1,2,109,0,3.7,0,1,3,1
34,1,3,121,326,1,2,100,1,0.7,0,1,3,0
56,1,3,184,494,0,1,92,1,0.1,1,3,3,1
56,0,3,105,410,0,0,136,1,5.6,1,0,0,1
72,0,1,121,202,0,2,178,0,1.7,0,1,0,1
72,0,3,121,184,0,1,82,1,5.1,2,2,3,1
48,1,1,187,556,1,0,106,1,6.2,2,0,3,0
58,1,3,100,251,0,1,88,1,1.3,2,2,3,1
39,0,1,99,526,1,0,160,0,1.6,0,4,2,0
56,1,2,104,234,0,1,71,0,4.1,2,0,3,1
53,1,2,106,349,0,0,197,0,6.0,0,3,1,1
67,1,2,129,403,0,0,160,1,5.7,1,4,2,1
61,1,2,107,193,1,1,157,0,3.1,2,4,2,1
29,1,2,144,194,1,2,160,1,4.9,1,2,0,0
55,0,3,162,290,0,0,140,0,0.8,2,4,1,1
41,1,3,114,430,1,2,114,1,6.1,0,1,0,1
69,0,3,193,522,1,1,156,0,6.0,0,0,0,1
31,1,1,148,287,0,2,89,1,1.0,0,1,1,1
67,0,1,167,490,0,2,171,0,1.9,0,2,0,0
34,1,1,178,467,1,2,165,0,0.6,2,2,1,0
36,0,1,111,434,1,2,171,0,1.7,1,0,1,1
55,1,2,119,504,1,2,100,1,5.1,0,4,0,1
37,0,2,173,468,0,0,103,0,2.3,2,3,3,0
65,1,2,174,560,0,0,82,0,0.5,1,2,0,1
61,0,0,133,512,1,0,188,0,2.1,0,0,2,1
70,1,3,121,167,0,1,164,0,6.1,1,3,0,0
72,0,1,140,479,0,2,146,1,3.9,0,4,1,1
52,0,1,135,541,1,0,99,0,2.6,1,2,2,0
43,1,2,110,234,1,1,187,1,1.0,1,0,1,1
60,1,1,188,176,0,0,85,1,6.1,0,0,3,0
60,0,1,121,375,0,0,72,1,5.1,2,0,3,1
52,1,3,183,466,1,2,187,1,1.7,1,2,2,0
69,0,2,128,555,0,1,88,0,0.4,0,3,3,0
40,0,3,101,508,0,2,73,1,0.4,1,0,3,1
67,0,0,194,146,1,2,178,1,0.7,1,4,0,1
30,1,0,136,425,1,0,165,1,3.6,2,0,0,1
31,0,0,107,264,0,2,192,1,5.8,1,3,3,0
65,0,2,110,484,0,1,81,0,3.1,1,2,3,1
45,1,1,102,449,0,2,138,0,5.2,0,0,0,0
30,1,2,110,510,1,2,193,1,2.8,0,0,3,1
30,1,2,97,217,0,2,183,1,4.4,2,4,3,0
56,1,1,135,405,0,0,168,1,4.5,1,4,1,1
51,0,3,193,250,1,1,163,0,1.1,1,0,3,0
65,0,0,199,522,1,0,92,0,2.2,1,0,2,0
60,0,3,96,236,0,0,197,0,4.0,2,4,1,1
61,0,0,112,479,1,0,95,0,0.4,1,3,2,1
29,1,2,197,264,1,0,155,0,2.2,0,1,3,0
47,0,0,185,560,0,0,125,1,3.3,2,1,0,0
30,0,2,164,398,1,1,165,0,6.2,0,0,1,1
72,1,3,175,224,1,2,189,0,2.9,0,4,0,1
54,0,2,111,377,0,0,79,1,5.1,2,2,1,1
60,0,3,196,463,1,0,112,0,2.7,0,2,0,1
34,0,1,178,229,0,1,123,0,4.9,1,1,1,1
60,0,1,111,339,0,1,144,0,3.7,2,3,1,1
32,0,1,181,374,1,2,109,1,5.5,0,1,2,1
39,0,2,118,277,1,1,192,0,2.5,1,0,0,1
45,1,1,102,375,1,2,85,1,3.7,1,3,2,0
66,1,0,171,400,0,0,193,1,3.9,0,2,2,1
52,0,3,91,290,1,0,181,0,2.6,1,4,0,1
33,0,3,118,466,0,2,201,0,0.9,2,4,1,0
62,1,0,174,133,1,1,153,0,0.6,0,0,2,0
34,0,2,168,409,1,2,80,0,0.1,1,1,0,1
50,0,2,141,130,1,1,162,1,5.4,1,0,1,0
39,0,3,116,270,0,0,99,0,1.5,0,4,2,0
76,1,1,139,226,1,1,105,1,1.3,0,2,2,0
44,0,2,184,289,1,2,76,1,4.6,0,4,2,1
61,1,2,168,499,0,2,181,1,2.0,0,3,1,1
37,0,0,112,272,0,0,108,1,3.1,2,4,2,1
34,1,0,177,189,1,1,147,1,1.0,0,4,1,0
44,1,1,133,216,1,1,163,0,6.0,2,3,3,0
57,0,2,166,242,1,1,137,1,5.3,2,1,2,1
31,1,2,111,479,0,0,78,1,5.4,0,4,3,0
48,0,0,132,392,0,1,192,0,2.5,2,0,0,0
64,1,2,126,435,0,2,154,0,4.7,0,4,2,1
47,0,3,150,298,0,1,155,1,0.9,0,0,0,0
54,0,0,186,172,1,0,115,1,0.1,1,3,0,0
31,1,1,145,265,0,1,157,0,0.1,0,4,0,0
47,0,0,92,371,0,1,86,1,3.6,1,3,3,0
48,0,2,152,274,0,2,147,0,2.8,2,3,1,0
60,1,1,108,371,1,1,79,0,3.2,1,1,3,0
35,0,0,112,520,1,2,130,1,0.0,2,4,3,1
69,0,3,118,130,0,2,148,0,2.6,0,0,0,1
61,1,3,119,309,0,0,147,1,4.5,2,0,2,1
68,1,0,128,145,1,2,141,1,2.7,2,4,1,1
67,0,3,197,550,1,2,85,1,4.5,0,1,0,1
46,0,3,114,171,1,0,141,0,1.4,2,1,1,0
68,1,3,190,137,1,2,172,1,5.0,0,1,3,0
29,1,1,97,195,1,0,92,0,3.6,1,0,1,0
39,0,3,195,142,1,1,183,1,1.3,0,3,1,0
56,1,3,147,496,1,0,71,1,1.5,0,1,2,0
53,0,3,105,272,1,2,80,0,3.9,2,0,0,0
51,0,1,161,279,0,0,180,1,5.1,1,0,1,0
59,0,0,90,429,0,2,183,1,2.6,0,3,1,1
58,0,2,197,233,0,1,120,0,1.6,1,4,3,1
70,0,3,94,361,0,0,82,0,5.4,1,4,3,1
63,1,0,92,433,0,1,159,0,4.1,2,1,1,1
35,1,3,154,477,0,2,182,1,2.8,0,1,0,1
44,1,1,93,195,1,2,148,0,3.0,2,3,1,0
54,1,0,193,308,1,1,191,0,1.3,0,1,1,0
76,0,1,188,375,0,0,93,1,3.9,1,3,2,1
30,0,3,185,353,0,0,95,0,2.2,0,0,0,1
29,0,3,153,227,1,2,88,1,6.2,0,1,2,0
76,0,1,195,200,1,1,113,1,3.0,1,0,0,1
40,1,2,187,542,1,1,148,0,3.0,1,2,0,0
33,0,1,196,341,0,0,98,1,3.5,0,3,0,0
65,0,3,178,532,1,0,129,0,5.7,2,2,2,1
60,1,1,99,524,0,0,133,0,5.0,0,1,2,0
37,1,2,110,536,0,1,162,0,2.8,1,0,2,1
69,1,1,135,328,1,0,126,0,4.5,2,1,3,1
63,1,2,192,317,1,0,181,1,3.6,1,2,2,1
47,0,2,180,374,0,2,138,1,3.1,1,1,3,1
76,0,1,116,367,1,0,116,0,1.2,2,4,3,1
44,1,1,155,304,1,0,137,0,2.9,1,2,3,0
31,0,0,130,562,0,1,76,1,1.5,1,1,1,0
48,0,3,102,344,1,1,94,0,5.7,1,0,1,0
52,0,2,98,207,0,2,164,1,2.1,1,1,1,0
61,1,0,125,217,0,0,83,0,5.9,1,0,3,1
52,0,1,175,560,1,2,95,1,3.3,1,4,3,1
39,1,3,195,300,0,1,188,1,3.9,1,1,0,1
36,0,0,179,364,0,2,152,1,3.4,1,4,3,1
64,0,2,147,385,1,1,181,0,0.8,1,2,1,1
66,0,0,143,516,1,2,152,0,2.3,0,0,3,0
68,1,2,101,490,1,2,136,0,0.6,0,2,3,1
48,0,1,170,288,0,0,115,0,3.9,1,0,0,0
63,1,3,167,173,0,2,184,0,2.8,0,4,3,1
76,1,3,103,454,1,0,133,1,4.8,2,3,2,0
53,1,3,123,453,0,0,146,1,1.4,0,1,0,0
63,0,1,142,241,1,0,184,1,1.0,1,4,3,0
53,0,2,109,554,1,0,181,1,2.5,1,0,3,1
57,0,1,164,462,0,2,105,1,5.7,0,0,0,0
46,0,3,105,462,1,1,123,1,4.4,1,0,3,0
74,1,1,184,494,0,1,96,1,2.6,2,0,1,1
46,1,1,159,350,0,1,84,0,3.2,2,1,2,0
30,1,1,145,477,1,2,188,1,0.5,1,2,2,0
63,0,2,172,453,0,0,115,0,6.1,2,3,1,1
44,1,0,190,272,1,1,121,1,4.1,2,1,3,0
69,0,0,147,188,0,2,189,1,1.8,0,0,3,0
64,1,1,93,419,0,0,89,0,3.6,2,1,2,1
61,0,0,93,448,0,1,152,1,0.7,0,4,3,1
32,0,0,109,450,1,0,146,0,6.0,1,0,2,0
61,1,1,99,138,0,1,162,1,1.1,0,3,2,0
42,1,1,113,556,1,1,103,0,4.0,1,0,1,1
49,1,3,188,314,0,1,98,1,1.5,1,3,2,1
76,1,0,115,412,0,0,193,0,4.4,1,3,3,1
48,0,2,126,333,1,2,196,0,4.8,1,2,3,0
36,1,1,191,239,1,0,107,1,4.2,1,2,0,1
35,1,3,174,147,1,1,169,1,3.8,0,1,3,0
31,1,2,143,474,1,0,168,0,5.5,1,1,0,1
45,0,0,193,339,1,2,197,1,0.5,2,3,2,0
61,0,3,192,296,0,0,150,0,2.1,2,0,3,0
76,1,1,110,448,0,2,108,1,1.5,1,4,1,1
40,0,2,163,179,1,2,147,0,6.1,2,4,1,1
50,1,1,127,519,0,0,196,1,2.4,0,0,1,0
50,0,0,135,423,0,1,157,0,4.5,0,0,2,1
74,0,2,93,445,0,2,124,1,4.2,1,2,2,1
58,0,0,149,251,1,0,86,0,1.3,1,4,0,0
66,0,0,146,402,0,2,98,0,1.5,1,3,1,0
66,1,3,134,329,0,1,116,1,1.7,2,1,0,1
73,1,1,109,319,0,0,142,1,2.5,2,2,0,1
36,1,2,106,294,1,0,155,0,1.5,0,4,3,1
55,0,0,160,277,0,0,96,0,0.1,2,0,3,0
55,1,0,93,160,0,1,155,0,5.5,0,4,1,0
62,1,2,182,309,1,2,135,0,6.0,2,3,2,1
49,1,0,103,411,1,0,185,1,2.1,0,2,3,0
58,0,3,92,182,0,2,134,0,2.1,1,0,2,1
61,0,3,177,347,0,2,157,0,0.0,2,3,0,1
56,0,3,190,428,1,1,177,0,4.2,0,1,0,1
75,1,3,169,288,1,0,166,1,5.1,2,2,0,1
61,1,0,147,144,1,2,147,0,0.9,1,3,0,0
33,1,2,144,495,1,0,157,1,1.0,0,3,1,1
76,0,2,93,389,1,0,127,1,4.9,2,0,0,1
47,0,2,113,407,1,1,173,1,3.8,2,1,3,1
32,1,2,123,238,1,0,161,1,0.3,1,3,0,0
63,0,1,119,452,0,0,115,1,3.9,1,2,2,0
45,0,2,171,155,1,2,158,1,1.9,0,3,3,0
72,0,1,108,260,1,1,185,1,2.3,2,4,2,1
56,0,1,120,192,0,0,117,0,4.8,2,2,2,1
58,1,3,149,190,1,2,120,0,5.0,1,2,1,1
57,0,1,149,417,1,1,154,1,2.5,1,3,1,1
74,0,0,108,150,0,1,161,0,5.9,0,0,2,0
34,0,1,138,162,1,2,161,0,2.5,2,2,2,0
63,0,3,152,126,0,2,179,1,4.8,2,4,0,1
69,1,1,199,524,0,2,127,0,3.0,0,0,3,1
65,1,0,172,162,0,2,101,1,5.6,0,0,0,1
52,0,0,111,266,0,2,91,0,5.6,1,0,1,0
57,0,0,113,357,1,0,160,1,0.5,1,2,1,0
74,0,3,198,261,0,0,110,1,5.8,0,0,0,1
59,0,3,165,514,0,1,182,0,5.1,0,3,3,1
63,0,2,119,313,1,0,115,0,4.9,2,0,2,1
61,0,3,147,253,0,0,147,1,1.2,0,4,0,1
49,1,0,191,326,0,0,157,1,5.0,0,1,1,0
60,0,0,120,252,0,2,171,1,5.3,2,4,3,1
51,1,3,189,382,0,1,187,0,1.8,0,2,1,0
61,1,1,153,289,1,1,162,0,5.9,1,0,3,1
31,0,3,108,160,0,1,98,0,0.3,1,0,3,0
46,1,3,137,319,1,1,95,0,0.9,2,3,3,0
53,1,0,134,316,1,0,128,1,3.3,0,0,0,0
70,1,2,189,229,0,0,111,1,3.6,1,4,0,1
59,1,0,183,148,0,2,145,1,4.0,1,2,0,1
31,1,2,144,390,0,1,108,1,0.1,1,1,3,0
68,1,0,144,415,0,0,145,0,6.0,1,0,3,0
74,0,3,186,555,1,0,136,1,0.3,0,1,1,1
52,1,0,107,509,1,2,73,1,0.9,0,0,2,0
60,1,0,152,385,1,2,187,0,0.1,0,2,0,1
75,1,0,181,539,0,2,169,0,3.5,0,4,3,0
50,0,3,136,483,1,0,89,1,5.8,1,2,1,0
51,1,3,164,200,0,0,186,0,4.1,2,1,1,1
30,0,3,146,480,0,2,195,1,5.1,2,0,1,1
55,1,3,134,197,0,1,158,0,0.1,1,1,0,1
70,0,2,122,384,0,2,105,0,3.4,1,4,0,1
30,0,2,106,523,0,2,71,1,2.8,2,2,2,1
54,1,1,159,313,1,2,196,0,3.1,2,1,1,0
45,1,3,93,298,1,2,159,1,0.4,1,1,0,0
68,0,2,109,415,0,0,95,0,4.2,1,4,1,1
61,1,0,136,170,1,1,86,0,3.1,0,0,3,0
37,0,3,180,186,0,2,143,0,4.7,0,1,1,0
71,0,1,104,208,0,1,199,0,3.0,2,4,2,1
76,0,1,159,248,0,1,112,0,0.9,1,0,0,1
67,0,1,136,483,1,1,150,1,4.0,2,0,3,0
57,0,0,167,141,0,2,174,0,1.1,0,2,0,0
70,1,2,164,191,0,0,104,1,5.4,0,4,3,1
54,0,0,192,549,1,2,159,0,3.8,2,0,1,0
63,0,3,98,270,1,1,195,1,1.0,0,2,1,0
53,1,1,179,500,1,1,115,0,6.0,1,3,2,1
52,0,0,105,287,0,0,91,1,3.2,2,4,2,0
41,1,0,158,359,0,2,192,1,0.5,1,3,3,0
35,1,2,150,505,1,1,140,0,3.9,1,0,2,0
64,1,2,99,269,0,0,166,0,1.6,0,4,2,1
73,0,1,139,483,1,1,175,0,5.0,1,2,2,0
48,0,0,92,313,1,0,118,1,5.1,2,0,2,0
29,0,0,166,447,0,0,109,1,6.1,1,4,1,1
36,1,2,196,138,0,2,101,0,3.1,1,4,2,0
74,0,0,183,309,1,1,80,0,2.8,1,3,1,1
44,1,0,198,236,1,2,100,1,4.7,1,0,1,0
42,0,0,159,540,1,1,88,1,0.8,1,2,0,0
40,1,2,170,415,1,2,158,0,3.4,0,2,1,0
51,0,1,198,420,0,1,195,1,3.4,2,0,1,1
43,0,3,140,517,1,2,143,0,0.6,0,0,2,1
56,0,1,108,340,1,0,85,0,2.6,2,1,1,1
62,1,3,131,245,1,1,74,0,5.3,2,3,3,1
30,1,0,124,507,0,1,79,1,5.3,2,0,2,1
60,0,1,135,180,0,0,179,1,0.6,2,0,2,0
51,0,3,115,152,1,2,86,1,0.6,2,1,2,1
50,1,2,158,243,0,1,169,1,1.6,1,1,0,1
53,1,2,182,346,0,1,191,0,5.4,0,4,2,1
50,1,1,153,356,0,2,122,1,0.8,0,2,1,0
50,0,1,126,178,1,0,139,0,4.5,1,3,3,0
70,1,0,173,420,1,2,75,0,0.6,2,4,2,0
34,0,1,138,446,0,2,90,0,3.9,0,0,2,0
43,1,0,110,526,1,2,149,1,2.2,1,1,3,1
71,0,0,163,358,1,1,181,0,4.9,1,2,2,1
65,1,2,153,283,0,0,72,0,1.4,0,4,0,1
61,1,2,94,562,0,0,163,1,4.0,0,2,1,1
36,1,3,189,394,1,2,83,0,1.5,2,1,3,0
72,1,2,159,146,0,1,74,1,4.4,2,4,3,1
72,1,2,179,528,1,2,179,1,5.4,0,4,0,1
33,0,1,93,178,1,1,144,1,0.8,2,2,1,0
67,1,2,192,400,0,1,165,0,5.4,1,1,0,0
32,1,3,128,438,1,1,175,1,3.7,2,0,1,0
34,1,1,124,406,1,1,78,1,0.8,2,4,0,0
73,0,3,90,339,0,0,137,1,2.7,1,0,2,1
60,1,2,113,156,0,1,180,1,1.0,2,1,0,0
58,0,3,146,462,0,1,79,0,4.3,1,4,3,0
75,1,1,189,308,1,2,187,1,4.7,2,4,3,1
63,1,0,159,148,0,2,81,0,0.7,0,0,3,0
68,0,3,130,157,0,0,169,1,3.1,2,3,0,0
44,1,3,143,199,0,2,112,0,5.1,0,0,3,0
41,0,1,135,135,0,1,190,1,5.8,0,0,3,1
70,0,1,149,179,1,2,82,0,3.2,0,3,2,0
58,1,3,197,177,1,0,107,1,5.9,0,1,2,0
47,0,2,149,273,0,2,144,0,3.3,0,1,1,0
45,1,3,146,285,1,2,143,0,2.4,1,4,1,0
47,1,1,120,495,0,0,122,0,5.3,1,2,1,0
56,0,0,173,139,0,0,200,1,3.1,1,2,0,1
54,0,0,113,303,1,1,126,0,2.9,0,4,1,0
65,0,2,178,537,1,2,130,0,3.0,2,2,0,1
54,0,3,125,491,0,1,93,0,5.3,1,0,0,0
51,1,0,174,178,0,2,173,0,5.2,2,0,1,0
37,1,3,119,533,1,2,110,1,2.5,2,3,1,0
40,0,1,113,460,0,1,134,0,2.1,0,3,0,1
29,1,0,197,147,1,2,155,0,3.0,0,4,2,0
29,1,2,195,155,0,2,159,0,3.6,0,4,3,1
75,1,1,119,316,0,2,101,1,1.5,1,4,3,0
62,1,2,175,385,1,0,90,0,4.9,0,0,3,1
60,0,1,181,330,1,1,200,0,3.0,1,2,2,0
76,0,0,96,184,1,0,83,0,2.1,1,4,0,0
53,1,2,124,389,1,1,192,0,0.7,1,4,1,1
68,0,2,144,137,1,1,173,1,1.5,1,0,0,0
73,0,1,181,244,1,2,176,0,5.9,0,0,0,0
29,0,2,103,540,1,1,189,0,1.9,1,0,1,0
44,1,1,99,415,0,0,140,1,1.0,0,2,2,0
67,1,1,169,463,0,0,169,1,2.9,0,4,3,1
33,1,1,105,373,0,0,152,1,1.9,1,1,3,0
50,0,1,143,479,1,1,145,0,0.2,0,1,0,0
57,1,0,184,252,1,0,188,1,2.0,2,4,2,0
31,1,1,195,200,1,1,154,0,3.4,0,4,3,0
40,0,3,178,486,0,0,139,1,3.4,0,4,2,0
54,1,2,166,329,1,0,129,0,2.2,1,4,1,1
44,1,3,159,174,1,1,196,1,2.8,1,2,0,1
65,0,0,133,204,0,0,181,0,6.0,0,1,0,1
50,0,3,162,366,1,2,132,1,2.3,1,3,2,1
57,0,2,134,474,0,1,198,0,1.6,2,1,3,1
42,1,3,189,279,0,1,175,0,1.5,2,1,2,0
56,1,0,145,399,1,1,138,0,2.8,1,0,1,1
33,1,1,196,221,1,2,85,0,4.7,0,4,3,0
75,0,3,173,339,1,1,105,0,1.3,2,4,3,0
58,0,0,171,419,0,0,84,0,4.4,2,4,2,0
74,1,0,196,334,0,0,172,0,0.1,0,0,1,0
33,1,2,146,468,0,0,170,0,2.6,1,2,3,0
40,0,2,110,213,1,1,77,1,4.8,2,2,0,1
44,0,3,157,431,1,0,100,0,2.1,0,3,1,1
54,0,1,139,389,1,1,119,0,3.5,0,2,3,1
54,0,0,122,550,1,0,181,1,1.3,2,2,2,1
76,1,3,180,515,0,2,142,0,4.6,1,4,3,1
49,0,0,96,450,0,2,150,1,0.3,2,1,0,0
67,1,0,159,553,0,2,153,0,5.3,0,2,1,0
64,1,1,104,502,0,2,112,1,1.2,2,2,3,1
61,1,1,171,445,1,1,87,1,5.4,1,0,0,1
58,0,3,121,282,1,0,77,0,2.2,0,3,3,1
65,0,1,164,281,1,2,80,1,4.5,1,0,3,1
51,0,1,109,264,0,1,104,0,2.0,2,4,1,0
38,0,3,177,246,0,2,106,0,5.6,2,1,2,1
33,1,1,104,190,1,2,76,0,0.8,1,3,2,1
64,0,2,137,232,1,1,99,0,1.1,2,0,0,0
62,0,0,160,272,0,1,196,1,3.1,1,2,0,1
59,1,0,110,262,1,0,151,0,0.5,2,2,0,1
38,0,0,131,536,0,0,145,1,1.2,1,3,1,0
47,1,0,115,287,0,2,96,1,5.9,1,2,2,0
60,1,3,197,553,0,2,197,0,6.1,0,0,0,1
29,1,0,103,225,1,0,185,0,2.3,0,0,0,0
33,1,0,146,463,1,0,196,0,5.7,1,2,3,0
73,1,0,126,524,0,1,98,0,3.4,2,2,3,0
32,1,0,147,432,1,0,201,1,1.7,2,4,0,0
44,1,2,110,266,0,0,145,0,4.4,2,1,3,0
52,1,0,171,208,0,2,148,1,4.1,1,3,3,0
44,0,2,158,302,0,0,160,0,6.1,1,0,3,0
30,0,3,92,323,0,2,91,0,1.6,1,3,1,0
56,0,1,176,237,1,0,124,0,4.2,1,4,0,0
60,0,0,179,181,0,1,173,0,0.3,0,0,0,1
55,1,1,126,304,0,0,129,1,0.7,1,4,3,0
48,0,1,177,546,1,0,142,1,0.0,2,4,1,0
52,1,3,138,526,0,0,90,0,6.2,0,2,3,0
40,0,1,108,311,0,2,182,1,5.0,2,3,1,1
63,0,2,178,343,1,1,129,1,4.9,1,3,0,1
61,0,1,174,538,1,0,141,0,3.2,0,2,3,0
61,1,1,101,542,1,2,179,0,1.9,1,3,0,0
71,0,1,150,441,0,1,199,1,0.9,0,2,1,0
65,1,0,130,342,1,2,126,1,1.8,2,0,2,1
40,1,0,122,245,1,2,105,1,2.3,1,4,1,0
31,0,2,139,564,0,1,193,1,4.7,1,4,2,1
29,0,2,157,519,0,0,201,0,3.3,0,3,0,0
61,0,0,195,300,0,2,174,0,0.5,0,1,0,1
68,1,2,160,148,0,2,77,1,0.1,1,4,3,1
38,0,0,175,338,0,0,97,0,0.6,0,2,2,0
71,1,3,122,530,1,0,71,1,2.5,1,1,1,1
72,1,1,170,360,1,1,157,1,5.8,0,1,0,1
57,0,1,113,138,1,1,111,0,4.0,2,4,2,1
41,0,2,150,226,0,1,193,1,5.0,0,4,1,0
40,1,0,150,542,0,0,145,1,2.9,2,4,2,0
59,1,0,187,149,0,2,112,0,2.2,0,2,1,1
74,1,2,117,489,1,2,187,0,0.7,0,1,1,1
30,0,0,147,136,1,1,133,1,5.4,1,3,1,0
63,1,3,132,398,0,0,197,1,4.9,0,2,1,1
51,0,1,130,556,1,2,118,0,1.0,0,0,2,0
45,1,2,128,406,0,1,73,1,3.2,2,4,2,1
54,1,2,175,219,1,2,186,1,3.0,0,1,3,1
36,0,0,138,326,1,2,169,0,3.9,1,2,2,0
57,1,2,106,146,1,0,186,0,5.9,2,0,2,1
54,0,3,187,465,0,0,84,0,3.6,1,2,3,0
38,0,0,159,336,1,2,182,0,3.3,1,2,2,1
54,1,0,199,265,1,1,131,0,0.3,1,3,1,0
62,0,0,159,418,0,0,165,0,0.4,1,3,0,1
69,0,0,187,423,1,2,87,1,1.2,2,2,0,1
35,1,3,154,526,0,0,194,1,0.2,0,0,3,1
32,0,0,163,226,0,0,94,0,4.6,1,1,2,0
73,0,2,174,429,0,0,186,0,4.5,2,1,2,1
39,0,3,94,484,0,2,152,1,0.8,1,4,3,1
57,1,1,91,153,0,1,120,1,5.2,0,4,0,1
64,0,1,111,166,1,1,149,1,1.0,2,1,1,1
53,1,2,146,480,0,1,149,0,1.9,2,2,2,0
49,1,2,155,428,0,0,140,0,1.5,0,2,3,1
64,0,3,163,271,0,2,97,1,2.3,2,3,1,1
38,0,1,187,381,0,0,85,0,1.6,0,3,3,0
65,0,1,105,352,1,1,120,0,3.0,2,4,3,0
37,1,1,140,361,0,1,106,0,2.5,2,1,3,0
52,0,1,128,486,1,2,78,1,6.1,0,2,0,0
63,0,1,175,505,0,0,149,1,0.3,0,1,0,0
63,0,0,165,138,1,1,201,0,0.9,2,0,3,1
76,0,2,177,335,0,2,117,0,0.3,2,1,2,1
64,0,0,129,354,0,0,175,0,3.9,0,0,1,1
46,1,1,127,522,1,0,168,0,0.3,0,3,2,0
67,1,3,149,225,0,1,166,0,5.2,2,3,0,1
60,0,3,148,156,1,1,186,1,3.2,2,4,1,1
52,0,1,99,511,0,0,83,0,3.3,2,1,3,0
51,0,1,188,141,1,0,71,0,3.5,0,1,2,0
60,0,3,153,262,0,1,104,0,1.1,2,0,2,1
65,1,0,152,454,0,0,149,1,1.2,1,3,3,1
40,0,0,138,291,1,1,148,1,2.0,0,0,2,0
41,1,1,153,435,0,0,191,0,3.7,2,3,0,0
51,1,0,121,225,0,1,163,1,1.3,0,0,3,0
53,0,3,96,234,0,2,168,1,0.7,1,3,2,0
63,1,0,110,468,0,1,152,1,6.0,0,0,3,0
69,1,1,109,298,0,1,108,1,0.1,2,3,1,1
58,1,3,115,362,0,2,84,1,5.0,1,0,3,1
45,1,0,157,287,1,0,161,1,4.9,1,1,2,0
48,0,2,199,518,1,2,124,0,1.8,2,4,0,0
76,0,3,175,341,1,1,200,1,0.8,2,0,3,1
53,1,3,104,389,0,0,171,1,0.9,2,4,3,1
50,0,2,193,388,1,2,159,0,4.3,0,1,2,1
41,0,2,174,417,0,0,126,0,4.0,0,1,0,0
47,0,3,168,399,0,0,164,0,4.9,0,3,0,1
64,0,2,175,128,0,2,163,0,5.8,2,4,1,0
40,0,1,181,153,0,0,154,1,4.3,2,2,1,0
69,1,1,103,451,1,2,155,1,1.0,0,3,2,1
47,0,1,116,553,0,1,92,1,1.5,1,4,0,1
40,0,3,194,274,1,0,105,1,5.2,0,0,0,0
37,0,2,129,153,0,1,86,0,1.3,1,0,1,0
35,0,2,147,435,1,1,120,1,0.4,2,1,1,1
56,1,0,117,563,1,0,192,1,4.4,2,2,2,1
42,1,0,115,190,1,2,198,0,2.5,0,0,0,0
59,1,2,152,481,1,0,183,1,5.7,0,4,3,1
47,1,2,155,146,1,1,87,1,4.0,2,4,1,1
75,0,2,114,377,1,1,150,1,0.6,0,0,2,1
44,1,3,92,360,0,2,200,1,5.9,2,4,0,1
33,0,2,161,352,1,0,155,0,1.6,2,4,0,1
63,0,0,133,138,0,1,164,0,2.1,1,1,1,0
40,0,3,186,438,1,1,151,0,2.5,0,2,2,1
53,0,2,131,174,0,1,139,0,0.3,2,1,3,0
49,0,0,188,243,1,2,139,0,3.1,0,2,1,0
64,1,3,95,179,1,1,86,1,0.8,1,4,2,1
51,1,2,128,263,0,1,121,1,2.5,1,2,0,1
44,1,2,141,178,1,0,175,0,2.2,0,4,3,1
67,1,2,112,169,1,0,136,0,4.8,0,4,2,0
73,0,3,178,428,1,1,79,0,5.0,2,1,3,1
70,1,0,139,178,0,1,177,1,1.0,1,1,2,0
67,0,0,132,199,1,0,170,0,2.3,1,3,2,0
42,1,1,108,171,0,2,156,1,2.3,1,0,2,0
59,0,2,158,138,1,2,134,1,0.9,0,3,2,1
33,0,1,140,290,1,2,92,1,5.0,2,3,3,1
63,1,1,100,227,0,2,180,1,4.4,0,2,1,1
51,0,0,101,405,1,2,167,0,1.2,0,4,3,0
57,0,3,163,383,1,2,88,1,2.3,0,4,2,1
71,1,3,97,462,0,2,141,1,0.7,2,4,3,1
39,0,0,113,481,1,2,197,0,3.9,0,0,3,0
46,1,3,181,523,0,0,167,1,0.8,1,2,3,1
75,1,1,130,263,0,2,71,1,6.1,1,2,2,1
40,1,2,125,288,0,2,74,1,4.8,1,4,3,1
37,0,0,190,534,1,2,195,0,2.4,2,3,0,1
38,0,2,174,512,0,1,152,1,3.6,0,0,2,1
72,0,3,161,236,0,0,97,1,5.7,2,3,3,1
45,1,2,144,227,1,0,129,0,3.4,0,1,0,0
66,0,3,98,142,0,0,102,0,1.1,1,2,3,1
35,1,3,136,393,1,2,98,1,2.3,0,2,1,1
74,1,1,104,307,1,2,176,1,5.2,0,3,3,1
41,0,3,137,497,1,1,175,0,4.0,0,0,3,1
68,1,1,199,149,1,0,140,1,4.0,2,2,1,1
70,0,1,193,154,0,2,132,0,5.4,0,3,2,1
37,0,1,171,296,0,0,104,1,5.5,0,0,1,0
55,0,0,131,534,0,1,157,0,5.7,0,3,2,0
30,0,0,149,353,0,1,184,1,0.6,2,0,1,0
33,0,3,173,503,0,1,176,0,3.4,2,4,3,0
57,1,1,159,313,1,0,126,0,4.6,2,0,3,0
65,1,0,101,471,0,2,183,0,4.7,0,1,2,1
66,1,1,91,355,0,2,83,0,3.8,1,4,2,0
47,0,2,96,446,0,1,88,0,1.0,1,3,0,0
36,0,2,169,465,1,2,183,1,4.9,1,4,0,1
76,0,2,92,244,1,1,109,1,4.5,0,4,3,0
73,1,3,198,281,0,0,149,0,0.5,1,3,3,1
29,0,1,92,397,1,1,100,1,2.9,1,3,0,1
50,1,2,116,300,0,0,168,1,1.1,1,1,0,0
45,1,0,196,229,0,1,128,1,2.1,0,3,2,0
35,0,2,129,217,1,2,137,1,0.1,1,2,1,1
53,0,2,191,311,1,2,141,1,2.5,1,2,2,1
73,1,2,122,408,0,1,176,1,3.4,0,1,0,1
32,0,3,181,306,0,2,77,0,3.8,2,0,3,0
64,1,0,90,295,1,2,110,1,4.1,1,0,0,1
34,0,1,97,312,0,2,140,1,5.2,2,2,3,0
59,0,0,190,300,1,0,138,1,1.3,1,3,3,1
47,1,1,121,347,0,2,119,0,0.7,0,1,3,0
72,0,3,137,358,1,0,122,1,5.3,2,0,3,1
67,1,3,196,287,0,1,184,1,1.0,2,0,1,1
55,0,3,190,546,0,2,177,1,6.0,2,4,0,1
38,1,3,93,259,1,2,99,0,5.2,2,2,2,1
54,1,1,183,516,0,2,148,1,3.1,1,3,3,0
47,0,2,159,349,0,1,79,0,6.1,1,1,3,0
67,1,1,199,278,1,0,146,1,0.6,2,0,2,0
31,0,0,108,158,0,0,112,0,1.9,1,4,2,0
73,0,3,121,180,0,2,198,0,4.0,2,2,3,0
41,0,3,98,132,0,1,90,0,2.2,2,2,2,0
56,1,0,101,369,1,1,142,1,5.8,0,1,2,1
48,1,1,100,438,1,1,135,0,0.4,2,0,1,0
56,0,2,135,251,1,1,183,0,3.4,1,1,2,1
36,0,2,105,137,0,1,94,0,3.7,2,1,0,0
69,1,0,90,141,0,0,198,0,4.0,0,4,0,0
67,0,2,152,333,0,0,153,1,1.6,1,2,0,1
29,0,1,198,168,0,0,133,1,2.3,0,3,3,0
31,1,1,110,498,1,2,130,1,5.2,0,2,0,0
41,0,0,119,260,0,1,169,1,1.2,2,2,1,0
56,1,1,102,353,0,2,132,0,5.1,0,4,0,0
53,0,3,123,236,0,1,100,1,3.5,0,3,3,0
61,1,0,93,432,1,0,92,0,4.7,1,0,1,1
66,0,1,117,285,0,2,196,1,4.4,0,3,0,1
34,0,0,191,456,0,0,112,1,1.3,2,0,1,0
72,1,2,184,389,0,1,168,1,3.5,2,3,1,1
73,0,1,148,350,0,1,101,0,5.4,2,1,3,0
60,1,3,116,342,0,1,182,1,2.7,0,3,3,1
73,0,1,158,170,1,0,192,1,6.0,1,4,1,1
75,1,0,114,339,0,1,87,1,2.8,2,0,0,1
49,1,0,92,184,0,0,108,0,0.9,0,2,3,1
44,1,1,186,257,0,2,180,1,2.4,2,4,1,0
49,1,3,157,229,0,1,92,1,5.9,2,0,2,1
39,0,3,114,320,0,1,126,0,2.0,1,0,2,1
65,0,3,109,538,0,1,189,0,5.4,2,2,3,1
64,1,0,123,282,0,2,127,1,5.5,1,1,0,1
63,1,1,115,223,0,1,105,1,2.2,0,4,2,0
47,1,2,94,351,0,0,184,1,0.5,2,2,2,1
48,0,0,188,537,0,0,195,0,4.5,0,2,2,0
46,0,3,150,330,1,1,199,0,1.9,0,1,0,1
75,0,1,181,204,1,1,122,0,4.9,0,4,0,1
69,0,3,182,249,1,2,155,1,2.7,2,2,3,1
42,1,2,98,553,1,2,135,0,3.0,1,1,3,0
43,1,3,191,343,0,2,199,1,4.8,2,4,2,1
59,1,3,139,129,1,1,91,0,2.4,0,3,0,0
29,0,2,95,215,1,2,86,0,2.7,1,0,1,0
31,0,1,172,229,0,2,193,0,2.3,0,1,2,0
44,0,0,149,518,1,0,131,1,2.3,1,0,3,0
51,1,1,133,244,1,2,124,1,3.3,2,3,0,0
39,1,2,100,258,0,0,96,1,5.0,1,2,3,1
40,0,3,155,437,0,0,150,1,2.2,2,2,3,1
38,1,1,136,221,0,2,135,0,3.3,0,4,0,0
60,0,0,197,559,1,0,170,1,4.2,1,1,2,1
44,0,2,197,456,1,1,144,0,1.7,0,1,0,0
36,1,1,162,268,0,1,87,1,1.7,1,4,2,0
66,0,0,174,413,0,2,191,1,5.8,2,0,3,1
40,1,2,177,153,1,1,93,0,4.5,1,2,0,0
52,0,0,187,403,0,0,141,0,3.6,1,2,1,0
56,1,2,175,358,1,1,178,1,4.0,2,1,2,1
36,1,3,92,142,0,2,149,1,0.2,2,1,1,0
56,1,1,165,184,0,2,116,0,3.8,2,4,2,1
64,0,0,181,215,1,0,148,0,3.2,1,3,0,1
54,0,2,119,324,0,2,86,0,3.4,0,0,1,0
36,1,0,179,487,0,1,141,0,2.2,1,3,0,0
56,1,0,110,151,0,2,166,0,0.5,1,3,2,1
56,0,1,117,150,1,0,72,1,1.2,0,1,2,1
65,0,3,179,519,0,2,80,1,5.9,2,1,2,1
69,0,0,151,426,0,1,195,1,2.5,1,1,2,1
64,1,2,122,464,0,0,151,1,2.9,0,3,3,1
55,0,2,174,392,0,1,140,0,0.3,2,0,2,0
45,0,3,124,306,0,0,102,0,0.2,2,1,1,1
37,1,2,141,485,0,2,175,0,4.4,1,2,2,0
61,0,3,123,193,1,0,154,1,3.3,2,0,0,0
48,0,2,130,476,1,0,199,0,3.2,2,2,3,1
41,0,1,140,537,0,2,128,0,1.5,0,0,1,0
56,1,0,136,446,1,1,115,1,4.6,0,1,3,1
76,1,1,171,174,1,2,167,1,1.0,2,4,3,0
57,1,0,147,300,0,0,93,1,1.2,0,1,3,0
41,1,0,164,177,1,2,93,0,2.9,2,3,0,0
74,1,0,146,227,1,0,149,0,1.8,1,3,3,0
63,1,1,112,341,1,2,114,1,1.5,0,0,3,1
34,1,0,137,563,1,2,97,1,4.0,2,3,2,0
46,0,1,111,313,1,1,96,0,4.0,2,1,0,1
33,0,3,106,182,1,0,167,1,5.1,0,2,1,0
75,1,2,158,172,1,1,106,0,2.6,0,1,1,1
53,0,2,197,284,1,0,179,1,0.5,1,0,1,0
30,0,0,100,299,0,2,125,1,1.7,2,3,0,0
38,1,1,183,367,0,0,139,1,6.1,1,2,1,0
58,0,2,104,407,1,1,131,0,3.7,1,4,0,1
73,0,1,180,366,1,1,200,0,4.4,1,2,2,0
33,0,1,124,495,0,1,125,1,0.0,0,2,2,1
61,0,0,122,130,1,0,192,0,3.2,1,1,0,1
29,0,2,173,209,1,1,167,1,0.2,0,4,1,0
46,1,0,105,433,0,1,150,1,3.5,0,0,0,0
60,1,0,123,486,0,1,157,0,5.7,1,0,0,1
75,1,2,155,373,0,2,108,0,6.0,1,2,3,1
39,0,2,188,179,1,2,189,0,3.4,2,2,0,0
49,1,3,129,286,1,0,148,0,2.8,1,3,3,0
54,0,3,117,559,0,0,105,1,5.9,2,4,2,1
53,0,1,136,547,0,1,149,0,4.2,1,2,3,0
50,0,2,128,536,1,2,137,0,0.4,1,3,0,0
55,0,3,159,351,0,1,157,1,2.9,1,4,2,1
41,1,1,162,140,1,1,104,1,1.5,1,0,3,0
61,1,1,109,349,1,2,167,1,2.9,2,3,0,1
62,0,1,90,186,0,2,141,1,2.8,2,4,2,0
69,1,3,161,247,0,2,73,0,3.6,1,3,3,1
63,0,2,176,402,1,0,128,0,2.2,1,2,0,1
29,1,0,152,171,0,0,102,1,1.0,2,1,0,0
49,1,1,156,515,0,1,101,1,3.1,0,0,1,0
76,0,3,93,419,0,0,152,0,5.1,0,2,1,1
34,1,3,147,187,0,2,113,0,4.1,0,2,3,1
56,0,0,114,211,1,2,175,0,2.1,2,4,3,1
45,1,0,136,335,1,0,71,0,5.8,2,3,3,0
33,0,3,127,203,1,1,131,0,5.7,0,0,0,0
59,0,2,104,327,1,1,84,1,1.3,0,2,3,1
33,1,0,152,427,0,0,76,1,0.2,1,4,0,1
66,1,3,110,522,0,1,173,1,4.6,2,0,3,1
31,0,0,188,348,1,1,80,1,5.1,2,3,0,0
51,1,2,146,347,1,1,141,0,6.0,0,2,0,0
65,1,1,142,128,0,2,160,1,5.5,0,2,1,1
65,0,0,135,131,1,2,196,0,3.7,2,2,2,1
38,0,2,103,218,1,0,167,0,3.3,1,0,0,0
38,1,3,189,133,0,2,144,0,0.2,0,0,3,0
47,0,0,165,553,1,1,185,0,1.5,2,0,1,1
45,0,0,106,360,0,2,121,0,2.8,2,0,3,0
49,0,3,128,233,0,0,126,0,3.9,1,4,3,1
42,1,1,98,286,1,2,111,0,3.5,1,1,0,0
37,1,3,188,334,0,1,102,1,4.6,0,4,0,1
74,0,0,166,365,1,1,85,0,1.7,0,2,2,1
29,1,3,168,456,0,0,132,1,3.5,0,4,0,1
73,0,2,171,458,1,2,98,1,0.5,2,3,0,1
41,1,3,186,175,1,2,134,0,2.6,0,0,2,1
32,0,0,95,136,1,2,200,0,4.7,2,3,3,0
29,0,3,180,476,0,1,197,1,4.3,0,3,2,1
68,1,1,112,281,0,0,106,1,6.1,1,2,2,1
60,0,3,148,195,1,2,184,1,1.7,1,0,2,1
62,1,1,180,294,0,1,83,1,3.1,2,3,1,1
56,1,2,187,397,1,1,85,0,2.0,1,2,3,1
59,0,1,135,193,1,1,159,0,2.7,2,0,1,1
36,0,3,127,480,0,2,92,0,5.3,2,1,1,0
67,1,0,103,377,1,2,144,1,4.2,1,2,0,1
54,0,1,189,173,0,2,95,0,5.5,2,4,2,0
62,0,2,161,309,1,2,171,1,1.3,1,0,2,1
31,0,1,151,445,0,2,187,0,5.4,0,3,1,1
40,0,1,124,312,1,2,111,1,0.4,0,3,0,0
29,0,1,108,215,1,2,158,0,5.5,1,4,0,0
72,1,2,119,457,0,2,180,0,2.0,1,4,0,1
33,1,3,167,264,1,2,190,1,2.0,1,3,3,0
58,0,1,173,482,1,1,167,1,3.2,1,0,1,1
58,0,1,114,214,0,2,127,1,5.8,0,2,3,0
45,0,0,129,399,1,0,200,1,0.3,2,4,0,1
76,1,2,177,144,0,1,166,1,2.2,2,4,0,1
75,0,1,103,436,1,2,191,0,5.3,0,4,0,0
51,1,2,115,483,0,0,132,1,2.5,2,1,2,1
43,1,1,191,499,1,2,138,0,1.2,0,0,1,0
65,1,3,176,279,1,0,151,0,2.6,2,0,2,1
49,0,3,111,515,1,0,87,0,2.4,1,0,3,0
42,1,1,137,385,0,0,187,0,5.7,1,0,2,0
30,0,3,172,233,0,0,120,0,4.7,1,0,1,0
39,1,1,199,496,0,1,182,1,3.1,0,3,2,1
67,0,3,140,410,0,1,164,1,6.1,0,4,0,1
66,1,0,92,184,1,0,155,0,2.9,2,3,3,0
62,0,0,131,250,1,2,144,0,0.4,2,1,3,1
66,1,0,108,479,0,0,179,1,1.6,2,2,0,0
62,0,2,162,398,0,1,88,1,2.7,0,4,0,0
46,0,2,117,232,0,2,112,0,1.0,2,1,0,0
58,0,0,173,424,1,1,171,1,5.9,1,3,1,1
43,0,2,134,370,0,1,115,1,4.8,2,2,2,1
55,1,3,160,461,0,2,152,1,1.7,1,1,3,1
62,1,1,167,543,1,0,87,0,3.7,0,2,2,1
66,0,1,152,372,1,0,143,1,4.5,1,1,0,1
61,1,1,162,133,0,0,84,0,5.8,1,3,0,1
52,0,0,108,266,1,0,152,0,5.5,1,2,2,0
43,0,2,136,487,0,2,190,0,3.2,0,1,3,1
58,1,3,103,133,1,2,190,0,4.8,0,3,1,0
70,0,3,127,477,0,2,117,0,3.5,0,4,2,1
45,0,0,142,219,0,1,177,1,3.4,0,3,0,0
33,1,3,150,446,0,2,178,0,0.7,2,3,0,0
57,0,3,125,552,0,0,79,0,0.8,0,4,1,1
32,0,3,129,164,1,1,149,0,3.3,1,3,2,1
38,0,3,170,206,1,0,85,1,1.7,0,4,1,0
45,0,2,119,312,1,0,89,1,0.1,2,4,1,0
38,1,3,98,209,1,2,160,1,4.5,2,4,3,1
45,1,1,153,213,0,2,96,1,0.2,2,1,3,0
48,1,0,122,367,0,0,162,1,3.7,1,2,0,1
52,0,2,141,467,1,0,152,1,3.3,0,1,2,1
33,0,3,178,218,1,1,201,1,6.0,0,4,3,0
62,1,2,103,211,1,2,112,0,3.0,0,2,0,0
34,0,3,164,169,1,1,89,0,0.4,1,2,2,0
30,0,1,142,262,1,1,87,1,3.4,1,4,0,0
41,0,0,188,546,0,1,146,0,5.2,2,2,3,1
71,0,3,194,199,0,0,133,0,6.2,2,2,0,1
71,1,3,148,161,0,1,201,1,2.7,0,1,2,1
76,1,3,167,226,1,1,177,0,2.0,1,2,2,1
39,1,3,183,281,1,0,119,0,5.6,1,4,0,1
75,0,0,130,551,1,2,125,1,1.2,0,0,2,1
51,1,0,157,380,1,2,169,0,3.8,0,0,0,0
44,1,1,157,296,0,1,122,1,2.5,2,0,2,0
59,0,0,181,341,0,0,170,1,0.3,2,4,0,1
39,0,3,97,295,1,2,187,0,2.2,2,0,0,0
44,1,1,91,377,0,1,188,0,1.6,0,1,0,0
36,1,1,194,485,0,1,77,0,4.3,0,4,1,0
32,1,1,199,447,1,0,116,1,5.9,2,4,2,1
68,1,3,175,180,1,1,116,1,1.7,2,4,3,1
32,0,2,130,557,1,2,170,1,5.0,1,2,0,1
53,1,3,144,216,1,0,124,0,0.3,1,2,1,0
31,1,0,105,403,1,2,132,0,3.3,2,2,3,0
60,0,0,182,226,1,2,199,1,0.4,2,3,0,1
31,1,3,151,280,0,2,119,0,5.8,1,1,3,1
55,0,3,137,502,0,1,95,0,4.8,2,4,1,1
57,0,1,119,474,1,1,80,1,4.1,1,4,3,1
60,0,3,101,489,0,2,188,1,5.1,1,2,0,1
47,1,1,124,266,1,2,162,0,4.0,1,4,3,1
49,1,0,100,298,1,0,150,1,6.0,0,4,3,1
33,0,1,153,135,1,0,141,0,4.4,0,0,0,0
46,1,3,199,353,1,1,148,1,5.7,2,4,1,1
56,1,0,139,390,0,1,113,1,3.2,1,3,1,1
70,0,2,174,563,1,0,160,1,0.7,0,2,3,1
50,0,1,110,373,0,2,148,0,3.3,2,1,2,0
49,1,0,158,372,1,1,96,0,0.8,2,1,3,0
34,0,1,137,280,1,2,191,1,3.7,2,0,2,0
29,1,0,109,159,1,0,115,1,3.0,2,1,3,1
33,1,0,190,254,0,1,133,1,3.9,2,1,1,0
69,1,1,156,285,1,1,138,0,0.1,1,2,3,1
40,1,2,133,214,1,0,72,1,1.2,2,2,3,0
54,0,0,122,218,1,1,178,1,3.0,1,3,2,0
74,0,0,162,452,0,0,100,1,5.9,0,0,1,1
62,0,0,150,366,0,1,119,1,2.4,2,1,2,1
42,0,2,98,448,0,0,114,0,2.6,0,3,3,1
54,1,2,157,529,1,1,83,0,4.4,1,0,0,1
73,1,3,124,242,0,2,148,1,3.7,1,1,3,1
55,0,1,170,219,1,2,196,0,1.9,0,1,3,0
37,1,2,187,288,0,2,168,0,2.5,2,2,2,0
54,1,1,177,224,0,1,96,0,1.3,2,4,0,0
75,1,3,185,238,1,1,118,1,6.0,0,0,0,1
50,0,1,154,484,0,2,136,0,0.8,0,1,2,0
75,0,2,97,216,1,2,157,0,2.3,0,0,1,1
58,0,1,134,471,1,0,149,0,0.2,2,3,0,1
71,1,2,176,331,0,0,93,1,1.4,2,3,0,1
76,0,1,136,142,1,0,151,1,4.8,2,4,2,1
45,0,2,129,399,1,2,118,0,1.2,0,1,1,1
54,0,2,165,298,0,2,194,0,0.5,2,2,1,0
64,0,1,143,241,0,2,200,1,2.9,1,1,3,1
29,0,3,165,474,1,0,154,1,0.1,0,0,3,1
36,0,0,135,306,0,1,90,0,0.5,2,3,2,0
63,1,3,136,216,1,2,116,0,5.0,0,0,1,1
43,1,1,104,207,1,1,201,1,4.8,1,4,2,1
75,0,3,194,449,0,1,82,1,5.7,1,3,3,1
50,0,2,108,239,0,1,110,0,5.3,0,2,2,1
42,1,0,115,382,0,0,136,1,4.2,0,3,2,1
54,1,1,141,183,0,1,170,0,0.3,1,1,0,0
56,0,1,182,279,1,2,148,0,4.9,0,1,0,1
51,0,1,111,490,1,0,86,0,5.2,1,3,0,0
42,0,0,193,529,0,2,153,1,5.0,1,4,3,0
52,0,2,110,241,0,2,114,0,3.2,2,1,2,1
30,1,1,140,468,1,0,170,0,1.4,0,1,0,0
73,0,3,127,391,1,2,92,1,5.2,0,2,0,1
54,0,1,109,440,1,2,88,1,4.5,2,3,0,0
42,0,1,118,328,1,0,82,0,6.1,1,1,3,1
35,0,1,140,166,0,2,193,0,1.0,0,4,3,0
31,1,1,93,230,1,1,187,1,1.4,2,0,2,0
75,1,2,144,514,1,2,121,1,1.3,2,3,2,0
51,1,3,160,503,0,1,141,1,4.9,0,2,2,1
74,0,2,181,318,1,2,118,0,1.2,2,1,0,1
71,0,3,117,526,1,0,89,0,0.4,1,4,1,1
75,1,1,93,403,0,0,76,0,6.2,2,3,3,1
73,0,0,111,479,0,2,154,1,0.2,1,4,0,0
46,0,2,165,362,0,0,123,0,5.2,1,4,0,0
66,1,0,134,550,1,2,177,1,2.3,0,2,2,1
63,1,2,156,346,1,0,171,0,5.2,2,3,2,1
43,1,1,175,193,0,1,118,1,3.4,1,1,0,1
53,1,2,197,322,0,2,139,0,5.6,1,2,3,1
65,0,1,155,381,1,1,81,0,5.7,2,1,3,1
56,0,2,177,264,0,1,201,1,0.1,1,0,0,1
38,1,1,123,437,0,2,192,1,0.5,2,4,1,1
67,0,1,180,560,0,1,139,0,1.6,0,0,1,1
45,1,3,144,274,1,2,93,1,4.1,1,4,3,1
67,1,1,194,224,1,1,107,1,5.5,1,2,2,1
50,0,3,90,201,1,2,79,0,2.9,2,1,1,0
54,1,1,161,407,1,2,85,1,3.8,2,1,1,0
72,0,0,176,496,1,0,201,0,1.2,2,2,2,1
53,0,1,127,528,1,2,163,0,5.0,2,3,1,0
45,0,0,95,234,0,2,87,1,6.0,1,0,0,0
41,0,0,175,313,1,1,142,1,1.7,0,0,1,0
48,1,1,114,324,1,2,191,0,3.1,0,1,2,0
53,0,0,171,428,0,0,81,0,0.5,0,1,0,0
32,1,3,106,452,1,1,142,0,3.5,0,1,1,0
38,1,2,150,279,1,1,176,0,3.1,2,2,3,1
31,1,1,101,165,0,0,195,0,0.9,1,3,0,0
69,1,0,95,258,0,1,105,0,2.7,1,0,0,0
73,0,1,179,530,0,1,189,1,2.1,1,4,3,0
46,0,3,116,257,1,1,84,1,3.2,2,2,3,0
75,1,1,97,404,0,1,84,1,3.6,1,0,1,1
64,1,1,172,487,1,0,80,0,0.1,2,3,1,1
75,0,0,195,209,1,0,108,1,4.7,1,2,2,0
50,1,3,154,524,1,1,178,0,4.4,0,0,2,0
62,0,2,146,367,1,1,189,0,2.3,2,2,0,1
75,1,2,182,241,0,0,104,1,0.3,1,0,3,1
36,0,0,198,234,0,0,80,0,4.7,0,0,3,0
68,1,1,188,346,1,0,192,0,5.9,0,3,2,1
72,1,0,129,517,0,1,185,0,1.5,0,4,0,1
47,0,0,103,166,1,1,71,0,2.0,2,3,0,0
70,1,0,124,493,1,2,82,0,1.1,2,0,2,1
69,1,1,137,272,1,0,173,0,3.6,1,2,2,1
65,0,3,198,237,0,1,74,1,1.0,0,3,2,1
34,1,0,173,228,1,0,168,0,2.2,1,4,1,0
54,0,1,145,171,1,1,176,0,4.3,1,0,0,0
62,0,3,138,537,0,0,155,0,3.5,0,3,0,1
73,1,0,102,449,0,1,191,0,2.4,1,3,0,1
34,1,2,150,503,0,2,152,1,2.6,2,3,2,1
65,1,3,191,396,0,2,89,1,3.5,1,3,2,0
61,1,0,138,546,1,0,200,0,0.0,0,2,2,1
50,1,3,135,510,0,1,82,0,0.5,2,4,2,1
49,1,3,151,320,1,1,151,0,5.5,2,4,3,1
34,1,3,97,492,0,0,144,1,0.5,1,0,2,1
34,0,3,132,405,0,1,168,1,4.4,1,1,1,1
76,1,3,109,408,0,0,76,1,5.7,2,2,3,1
32,0,3,186,165,0,1,195,1,1.7,1,0,3,0
58,1,0,179,314,0,0,121,0,2.3,0,0,2,1
39,1,2,128,289,0,1,81,1,3.5,1,3,0,0
58,0,1,174,149,1,0,197,1,5.5,1,1,2,0
59,1,3,138,149,0,1,143,0,5.8,2,1,0,1
52,1,1,153,129,0,2,72,0,4.6,1,2,2,0
37,0,0,151,448,0,1,78,1,0.5,1,1,2,0
31,1,3,195,415,0,0,194,1,4.1,1,0,0,0
59,1,2,196,558,1,2,123,1,2.5,0,1,0,1
68,1,1,143,306,0,1,80,1,2.9,1,1,0,0
65,0,3,194,373,0,2,182,0,0.3,0,4,0,1
64,1,0,98,241,0,1,78,0,1.2,0,0,1,1
52,1,2,177,404,0,2,106,1,4.9,0,1,0,1
59,1,1,126,490,1,0,176,1,2.8,0,1,2,0
34,1,1,138,194,0,1,84,1,1.9,2,3,2,0
30,0,3,130,476,1,1,156,1,2.4,0,1,1,0
48,0,2,106,379,0,0,120,1,5.3,1,1,0,1
56,1,2,177,306,1,2,90,0,4.6,0,4,2,1
39,1,2,110,443,1,0,157,0,1.7,1,0,1,1
32,0,2,140,294,0,0,199,0,0.7,0,2,2,0
43,0,0,148,438,0,2,108,1,1.6,2,0,1,1
34,1,2,128,374,1,0,114,1,5.7,0,3,1,1
58,0,1,144,313,1,1,156,0,3.6,0,0,3,1
66,1,1,130,179,0,1,114,0,3.3,2,1,3,0
30,0,0,128,451,1,1,144,1,3.7,0,3,0,0
43,0,1,102,482,1,0,189,0,2.3,1,0,3,0
39,0,1,153,438,1,1,192,1,5.0,0,3,1,1
36,0,2,100,263,0,1,121,1,3.2,0,2,2,0
54,1,1,199,293,1,1,108,0,0.7,0,0,2,0
73,0,0,108,516,1,1,121,0,0.8,2,1,0,0
72,0,2,100,228,1,1,80,0,3.3,0,3,3,1
33,1,3,166,547,0,1,190,1,5.8,0,4,0,1
34,0,2,135,210,0,0,140,1,1.9,1,3,1,0
54,0,0,134,442,1,1,155,0,5.4,0,4,3,0
32,1,2,90,337,0,1,127,1,4.7,0,1,0,1
47,0,2,129,128,1,2,196,1,1.5,0,2,2,0
48,1,0,197,509,0,0,109,1,0.2,0,4,2,0
61,1,2,108,304,0,0,103,0,0.6,1,2,0,1
48,1,0,165,467,1,0,88,1,4.5,1,3,0,0
40,1,0,161,428,0,0,127,0,1.2,2,1,0,0
75,0,3,161,457,0,1,166,0,2.3,0,4,1,1
29,1,1,150,163,0,1,118,1,3.1,2,3,1,1
54,0,1,198,545,1,2,112,0,4.5,2,0,2,0
42,0,2,101,364,0,2,97,1,0.7,0,3,1,0
66,0,2,150,294,0,0,144,0,2.5,1,2,1,1
65,0,3,122,522,1,2,180,0,3.0,1,1,3,1
39,0,3,134,468,0,2,102,1,3.4,0,1,1,1
64,0,3,179,439,0,0,96,0,5.1,0,3,3,0
41,0,0,192,431,0,0,95,0,1.1,1,0,1,0
71,0,3,181,155,0,2,145,0,5.0,0,2,2,0
31,0,3,158,315,0,1,93,1,4.3,0,3,0,0
61,0,2,97,482,1,2,127,1,3.4,0,3,2,1
34,1,3,114,150,1,2,196,0,4.3,1,1,1,0
38,1,0,180,237,0,1,157,0,2.6,2,2,0,0
33,1,0,135,536,0,1,101,0,0.9,2,0,0,0
51,0,2,176,560,0,0,134,1,4.1,0,1,0,1
38,1,3,119,331,1,0,103,1,3.3,1,3,3,1
72,1,3,198,310,1,2,72,0,4.0,0,1,2,1
30,1,0,136,507,0,1,88,1,2.1,1,1,3,1
41,0,3,176,504,0,0,154,1,5.6,0,4,0,1
68,0,3,138,172,1,2,105,1,3.6,1,1,2,1
30,0,3,136,499,0,1,184,1,0.5,1,1,2,0
